sample id	Bird	barcodes	TAR	CUL	SKULL	MN	MX	Mass	body_condition	sex	Area	Colony	eggs	capture	Sample_or_control
#q2:types	categorical	categorical	numerical	numerical	numerical	numerical	numerical	categorical	numerical	categorical	categorical	categorical	numerical	categorical	categorical
Sample-1.3X	1.3X	CACCCACGTTGA													control
Sample-1.5X	1.5X	TCACTTGGTGCG													control
Sample-10C	10	TTCTTTGCAATG	61.7	47.6	113.8	14.9	15.6	698	550.09899623001	M	SF	M4/5	2	dry 	sample
Sample-10F	10	CCTACATGAGAC	61.7	47.6	113.8	14.9	15.6	698	550.09899623001	M	SF	M4/5	2	dry 	sample
Sample-10M	10	GAGTAGGGCACC	61.7	47.6	113.8	14.9	15.6	698	550.09899623001	M	SF	M4/5	2	dry 	sample
Sample-11C	11	TTCAAGTTCGTT	62.9	43.5	116	16.7	17.2	650	482.496270674895	M	SF	M4/5	2	dry	sample
Sample-11F	11	TGCTCCGTAGAA	62.9	43.5	116	16.7	17.2	650	482.496270674895	M	SF	M4/5	2	dry	sample
Sample-11M	11	GAGCCTCCCTCC	62.9	43.5	116	16.7	17.2	650	482.496270674895	M	SF	M4/5	2	dry	sample
Sample-12.10X	12.10X	ACAATAGACACC													control
Sample-12.9X	12.9X	GCGGATGCGGAT													control
Sample-12C	12	GAATAAGCTGAT	54.7	41.9	101	13.2	14.4	500	572.280556141254	F	SF	M4/5	2	wet 	sample
Sample-12F	12	GAGGCTGATTTA	54.7	41.9	101	13.2	14.4	500	572.280556141254	F	SF	M4/5	2	wet 	sample
Sample-12M	12	GACTTATGCCCG	54.7	41.9	101	13.2	14.4	500	572.280556141254	F	SF	M4/5	2	wet 	sample
Sample-13C	13	ATCGGGCTTAAC	58.9	47.6	115	16.3	17.4	640	488.111751025116	M	SF	M4/5	3	dry	sample
Sample-13F	13	CATTACTTATGC	58.9	47.6	115	16.3	17.4	640	488.111751025116	M	SF	M4/5	3	dry	sample
Sample-13M	13	TCTGGGCATTGA	58.9	47.6	115	16.3	17.4	640	488.111751025116	M	SF	M4/5	3	dry	sample
Sample-14C	14	CACACTGAAGTC	55.1	43.8	103.7	14.3	15.2	540	569.119386305045	F	SF	M4/5	2	wet 	sample
Sample-14F	14	ACTTTCTTCGAA	55.1	43.8	103.7	14.3	15.2	540	569.119386305045	F	SF	M4/5	2	wet 	sample
Sample-14M	14	AGAATAGCGCTT	55.1	43.8	103.7	14.3	15.2	540	569.119386305045	F	SF	M4/5	2	wet 	sample
Sample-15C	15	TGAGCTGCGGGA	54	41.4	99.9	13.9	14.9	620	734.350194815386	F	SF	M4/5	3	dry	sample
Sample-15F	15	CAATTAATGTAT	54	41.4	99.9	13.9	14.9	620	734.350194815386	F	SF	M4/5	3	dry	sample
Sample-15M	15	AGAGGTATTTGA	54	41.4	99.9	13.9	14.9	620	734.350194815386	F	SF	M4/5	3	dry	sample
Sample-16C	16	CACGTCGCGGAG	54.8	51.9	98.7	13.9	15.3	550	676.529495605263	F	SF	M4/5	3	dry	sample
Sample-16F	16	AGGTGGTGGAGT	54.8	51.9	98.7	13.9	15.3	550	676.529495605263	F	SF	M4/5	3	dry	sample
Sample-16M	16	ACCCACCACTAG	54.8	51.9	98.7	13.9	15.3	550	676.529495605263	F	SF	M4/5	3	dry	sample
Sample-17C	17	CGCCGCCAGGTG	58.3	44.8	109.8	16.2	16.7	660	581.735532996462	M	SF	A5/7	1	dry	sample
Sample-17F	17	AGGTCCAAATCA	58.3	44.8	109.8	16.2	16.7	660	581.735532996462	M	SF	A5/7	1	dry	sample
Sample-17M	17	TAGTTGAGCTGA	58.3	44.8	109.8	16.2	16.7	660	581.735532996462	M	SF	A5/7	1	dry	sample
Sample-18C	18	CGTCTTTGATAT	64.8	43.7	110.5	14.9	16.1	750	648.055320377833	M	SF	A5/7	1	dry	sample
Sample-18F	18	CACCTGTAGTAG	64.8	43.7	110.5	14.9	16.1	750	648.055320377833	M	SF	A5/7	1	dry	sample
Sample-18M	18	CGTTACCGGACT	64.8	43.7	110.5	14.9	16.1	750	648.055320377833	M	SF	A5/7	1	dry	sample
Sample-19C	19	GTCCTGACACTG	54.4	42.1	106.1	17.1		710			SF	A5/7	2	wet 	sample
Sample-19F	19	TCGACATCTCTT	54.4	42.1	106.1	17.1		710			SF	A5/7	2	wet 	sample
Sample-19M	19	CGACTGCAGCTT	54.4	42.1	106.1	17.1		710			SF	A5/7	2	wet 	sample
Sample-1C	1	CCGCCGTAGGGC	52.4	45	100.9	13.1	14.2	580	665.905065825204	F	SF	M4/5	3	wet 	sample
Sample-1F	1	GTCCACTTGGAC	52.4	45	100.9	13.1	14.2	580	665.905065825204	F	SF	M4/5	3	wet 	sample
Sample-1M	1	GCAGGCCCACGA	52.4	45	100.9	13.1	14.2	580	665.905065825204	F	SF	M4/5	3	wet 	sample
Sample-2.17X	2.17X	AATTCCGAACGC													control
Sample-2.7X	2.7X	AATTGGCGGGCG													control
Sample-20C	20	ATTCGCCAAGAA	56.1	41.8	100.9	13.7	14.3	620	711.829553123494	F	SF	A5/7	3	dry	sample
Sample-20F	20	AGTGCGTTCTAG	56.1	41.8	100.9	13.7	14.3	620	711.829553123494	F	SF	A5/7	3	dry	sample
Sample-20M	20	CAGTGATACTGC	56.1	41.8	100.9	13.7	14.3	620	711.829553123494	F	SF	A5/7	3	dry	sample
Sample-21C	21	CGGACATGCGGA	63	43	110.8	16.2	16.5	700	599.745020248257	M	SF	A5/7	3	dry	sample
Sample-21F	21	GGACTCAACTAA	63	43	110.8	16.2	16.5	700	599.745020248257	M	SF	A5/7	3	dry	sample
Sample-21M	21	GATGACCCAAAT	63	43	110.8	16.2	16.5	700	599.745020248257	M	SF	A5/7	3	dry	sample
Sample-22C	22	ACGTGGTTCCAC	62.3	41.3	109.1	15.9	16.6	700	629.456518433441	M	SF	A5/7	1	dry	sample
Sample-22F	22	ACCGTCTTTCTC	62.3	41.3	109.1	15.9	16.6	700	629.456518433441	M	SF	A5/7	1	dry	sample
Sample-22M	22	CTCGACTGCCTG	62.3	41.3	109.1	15.9	16.6	700	629.456518433441	M	SF	A5/7	1	dry	sample
Sample-23C	23	TTGATAGTCTTA	41.3	57.8	101.7	14.3	14.2	580	649.660912610472	F	SF	A5/7	3	dry	sample
Sample-23F	23	ATAGATCAGAAC	41.3	57.8	101.7	14.3	14.2	580	649.660912610472	F	SF	A5/7	3	dry	sample
Sample-23M	23	AGTCCTTTATCC	41.3	57.8	101.7	14.3	14.2	580	649.660912610472	F	SF	A5/7	3	dry	sample
Sample-24C	24	CGTTAAGTCAGC	57.3	41.9	102	14.1	15.2	640	710.294354785472	F	SF	A5/7	3	dry	sample
Sample-24F	24	GACTAAGACTAA	57.3	41.9	102	14.1	15.2	640	710.294354785472	F	SF	A5/7	3	dry	sample
Sample-24M	24	ATCAATTGTCCT	57.3	41.9	102	14.1	15.2	640	710.294354785472	F	SF	A5/7	3	dry	sample
Sample-25C	25	ATTACTACACTC	55.6	44.2	103.3	14.1	14.5	610	650.711126429498	F	SF	A5/7	2	wet 	sample
Sample-25F	25	AGAAACAGCTCT	55.6	44.2	103.3	14.1	14.5	610	650.711126429498	F	SF	A5/7	2	wet 	sample
Sample-25M	25	CGCCCTCTTCTT	55.6	44.2	103.3	14.1	14.5	610	650.711126429498	F	SF	A5/7	2	wet 	sample
Sample-26C	26	AAGGACCGTTTC	57	43	109.2	15.8	16.6	610	546.957096177701	M	SF	A5/7	2	dry	sample
Sample-26F	26	GTAGCACTCATG	57	43	109.2	15.8	16.6	610	546.957096177701	M	SF	A5/7	2	dry	sample
Sample-26M	26	TTATAGATCTCC	57	43	109.2	15.8	16.6	610	546.957096177701	M	SF	A5/7	2	dry	sample
Sample-27C	27	ATCACTCTTGTA	60.7	47.2	114.2	16.6	17	740	576.835277547687	M	SF	A5/7	2	wet 	sample
Sample-27F	27	AGGCAGGGCCAT	60.7	47.2	114.2	16.6	17	740	576.835277547687	M	SF	A5/7	2	wet 	sample
Sample-27M	27	ATTTAATCATCG	60.7	47.2	114.2	16.6	17	740	576.835277547687	M	SF	A5/7	2	wet 	sample
Sample-28C	28	TGCGCAAAGGAG	55.1	39.3	105.4	14.2	15.3	620	621.037145108923	F	SF	A5/7	2	dry	sample
Sample-28F	28	TCACCTCCTTGT	55.1	39.3	105.4	14.2	15.3	620	621.037145108923	F	SF	A5/7	2	dry	sample
Sample-28M	28	GCGTCTCGTCCA	55.1	39.3	105.4	14.2	15.3	620	621.037145108923	F	SF	A5/7	2	dry	sample
Sample-29C	29	TTGAATCCTAAT	59.8	44.8	111.5	15.7	16.3	660	554.446131813189	M	SF	A5/7	3	dry	sample
Sample-29F	29	GGTAGCGACGCC	59.8	44.8	111.5	15.7	16.3	660	554.446131813189	M	SF	A5/7	3	dry	sample
Sample-29M	29	GTGTAGGTGCTT	59.8	44.8	111.5	15.7	16.3	660	554.446131813189	M	SF	A5/7	3	dry	sample
Sample-2C	2	ACAGAGAATTAC	59.1	47.6	104.6	14.3	15.4	680	697.561379825368		SF	M4/5	2	wet 	sample
Sample-2F	2	GATCGGTTAATG	59.1	47.6	104.6	14.3	15.4	680	697.561379825368		SF	M4/5	2	wet 	sample
Sample-2M	2	GTATAGTCCGTG	59.1	47.6	104.6	14.3	15.4	680	697.561379825368		SF	M4/5	2	wet 	sample
Sample-3.17X	3.17X	AGAACCGTCATA													control
Sample-3.22X	3.22X	ATAAGTAACCGC													control
Sample-3.24X	3.24X	GCACCCTGGTCT													control
Sample-3.3X	3.3X	CATTAAAGTTCT													control
Sample-30C	30	CAACAGGTAACT	54.7	39.9	100	14	14.9	590	696.634113185352	F	SF	A5/7	3	dry	sample
Sample-30F	30	TCGTGACGCTAA	54.7	39.9	100	14	14.9	590	696.634113185352	F	SF	A5/7	3	dry	sample
Sample-30M	30	CCGAAGATTCTG	54.7	39.9	100	14	14.9	590	696.634113185352	F	SF	A5/7	3	dry	sample
Sample-31C	31	CGGTGCGAAAGC	57.8	47.2	113.7	15.5	16.1	670	529.485637210197	M	SF	A5/7	2	dry	sample
Sample-31F	31	CTGTGATCGGAT	57.8	47.2	113.7	15.5	16.1	670	529.485637210197	M	SF	A5/7	2	dry	sample
Sample-31M	31	GACAAGAAGGTG	57.8	47.2	113.7	15.5	16.1	670	529.485637210197	M	SF	A5/7	2	dry	sample
Sample-32C	32	CACGAGCTACTC	57.8	41.4	102.9	14.6	15.6	540	583.070809171129	F	SF	A5/7	2		sample
Sample-32F	32	TGGACGGCCCAG	57.8	41.4	102.9	14.6	15.6	540	583.070809171129	F	SF	A5/7	2		sample
Sample-32M	32	GCTGTTTGACCG	57.8	41.4	102.9	14.6	15.6	540	583.070809171129	F	SF	A5/7	2		sample
Sample-33C	33	GTCCGCAAGTTA	52.4	39.9	99.8	14.2	15.6	570	677.246143343918	F	SF	A5/7	2	dry	sample
Sample-33F	33	GCTCAGGACTCT	52.4	39.9	99.8	14.2	15.6	570	677.246143343918	F	SF	A5/7	2	dry	sample
Sample-33M	33	ACTAGGATCAGT	52.4	39.9	99.8	14.2	15.6	570	677.246143343918	F	SF	A5/7	2	dry	sample
Sample-34C	34	ATGAAGCACTGT	56.4	40.2	109.1	16.2	16.5	680	611.4720464782	M	SF	A5/7	0	dry	sample
Sample-34F	34	CGGACTCGTTAC	56.4	40.2	109.1	16.2	16.5	680	611.4720464782	M	SF	A5/7	0	dry	sample
Sample-34M	34	GACGGCTATGTT	56.4	40.2	109.1	16.2	16.5	680	611.4720464782	M	SF	A5/7	0	dry	sample
Sample-35C	35	GGCATGTTATCG	59.8	41.8	107.6	16.5	17.9	700	657.30642326056	M	SF	A5/7	2	wet	sample
Sample-35F	35	TCACGTATTCTC	59.8	41.8	107.6	16.5	17.9	700	657.30642326056	M	SF	A5/7	2	wet	sample
Sample-35M	35	CAACACATGCTG	59.8	41.8	107.6	16.5	17.9	700	657.30642326056	M	SF	A5/7	2	wet	sample
Sample-36C	36	CGATTTAGGCCA	59.2	38.1	98.8	14.1	15.1	570	698.913760203941	F	SF	A5/7	2	wet	sample
Sample-36F	36	ATAAGGTCGCCT	59.2	38.1	98.8	14.1	15.1	570	698.913760203941	F	SF	A5/7	2	wet	sample
Sample-36M	36	TCGTTCAGGACC	59.2	38.1	98.8	14.1	15.1	570	698.913760203941	F	SF	A5/7	2	wet	sample
Sample-37C	37	CAGACGAGGAAC	59.8	40.3	105.6	15.1	16.1	640	637.281374964127		SF	A5/7	2	dry	sample
Sample-37F	37	GACTTCATGCGA	59.8	40.3	105.6	15.1	16.1	640	637.281374964127		SF	A5/7	2	dry	sample
Sample-37M	37	TTGCAAGTACCG	59.8	40.3	105.6	15.1	16.1	640	637.281374964127		SF	A5/7	2	dry	sample
Sample-38C	38	TGAACGTTGGAT	56.8	39	98.2	13.9	14.2	580	724.852371792018	F	SF	A5/7	1	wet	sample
Sample-38F	38	GTGTTGTCGTGC	56.8	39	98.2	13.9	14.2	580	724.852371792018	F	SF	A5/7	1	wet	sample
Sample-38M	38	GCTTGGTAGGTT	56.8	39	98.2	13.9	14.2	580	724.852371792018	F	SF	A5/7	1	wet	sample
Sample-39C	39	CGGGATCAAATT	58.5	42.1	111	16.2	17.5	780	664.52900835909	M	SF	A5/7	3	dry	sample
Sample-39F	39	CGTCGATTGCAC	58.5	42.1	111	16.2	17.5	780	664.52900835909	M	SF	A5/7	3	dry	sample
Sample-39M	39	CTCGATGTAAGC	58.5	42.1	111	16.2	17.5	780	664.52900835909	M	SF	A5/7	3	dry	sample
Sample-3C	3	ATGAGATGATAC	56.4	49	108.9	15.4	16.6	695	628.556704560394	M	SF	M4/5	1	dry  	sample
Sample-3F	3	TGGGAGGTGGTA	56.4	49	108.9	15.4	16.6	695	628.556704560394	M	SF	M4/5	1	dry  	sample
Sample-3M	3	ACGCGTGCCCGG	56.4	49	108.9	15.4	16.6	695	628.556704560394	M	SF	M4/5	1	dry  	sample
Sample-4.14X	4.14X	ACGCAATGTCTG													control
Sample-4.5X	4.5X	AGAAAGGGTGTG													control
Sample-4.7X	4.7X	GTCTCGCCTACG													control
Sample-40C	40	CAAATCATTTCA	58.5	45.2	113.4	17.3	17.4	635	505.9892282372	M	ML	ML	1	wet	sample
Sample-40F	40	ATTATCGTCCCT	58.5	45.2	113.4	17.3	17.4	635	505.9892282372	M	ML	ML	1	wet	sample
Sample-40M	40	CTACAATTGAGG	58.5	45.2	113.4	17.3	17.4	635	505.9892282372	M	ML	ML	1	wet	sample
Sample-41C	41	GTCCATGGTTCG	57.2	41.1	107.2	16.5	16.7	not taken			ML	ML	2	dry	sample
Sample-41F	41	AGGCGCTCTCCT	57.2	41.1	107.2	16.5	16.7	not taken			ML	ML	2	dry	sample
Sample-41M	41	CGTTAGTGACTG	57.2	41.1	107.2	16.5	16.7	not taken			ML	ML	2	dry	sample
Sample-42C	42	CGAACAGAGCGC	57.8	38.9	103.1	14.7	15.2	580	622.469973465379	F	ML	ML	1	dry	sample
Sample-42F	42	TCTGAATGGTAG	57.8	38.9	103.1	14.7	15.2	580	622.469973465379	F	ML	ML	1	dry	sample
Sample-42M	42	ATCTGTTACAAT	57.8	38.9	103.1	14.7	15.2	580	622.469973465379	F	ML	ML	1	dry	sample
Sample-43C	43	TGGGCCGGAATG	58.3	40.9	100.7	14.9	15	520	600.73419216561	F	ML	ML	2	dry	sample
Sample-43F	43	ATAATAACTTGT	58.3	40.9	100.7	14.9	15	520	600.73419216561	F	ML	ML	2	dry	sample
Sample-43M	43	ACCATTACCATT	58.3	40.9	100.7	14.9	15	520	600.73419216561	F	ML	ML	2	dry	sample
Sample-44C	44	TAGTACTATACT	61.8	45.7	111.15	16.4	17.4	580	492.054577998932	M	ML	ML	1	dry	sample
Sample-44F	44	ATTCCATTTAGA	61.8	45.7	111.15	16.4	17.4	580	492.054577998932	M	ML	ML	1	dry	sample
Sample-44M	44	GCCGACGTGCCG	61.8	45.7	111.15	16.4	17.4	580	492.054577998932	M	ML	ML	1	dry	sample
Sample-45C	45	CAGGGAGGATCC	57.15	43.5	97.1	13.98	14.15	550	712.00535598146	F	ML	ML	2	dry	sample
Sample-45F	45	CACCTTACCTTA	57.15	43.5	97.1	13.98	14.15	550	712.00535598146	F	ML	ML	2	dry	sample
Sample-45M	45	ATATATAGTATC	57.15	43.5	97.1	13.98	14.15	550	712.00535598146	F	ML	ML	2	dry	sample
Sample-46C	46	TGACCGGCTGTT	57.55	37.5	100	14.9	15.1	530	625.789966081757	F	ML	ML	2	dry	sample
Sample-46F	46	GTTATGACGGAT	57.55	37.5	100	14.9	15.1	530	625.789966081757	F	ML	ML	2	dry	sample
Sample-46M	46	GAGATTTAAGCA	57.55	37.5	100	14.9	15.1	530	625.789966081757	F	ML	ML	2	dry	sample
Sample-47C	47	CTGCTGGGAAGG	60.9	42.75	112.9	17.8	18.45	500	403.96056657612	M	ML	ML	1	dry	sample
Sample-47F	47	TTGCTCAATTTG	60.9	42.75	112.9	17.8	18.45	500	403.96056657612	M	ML	ML	1	dry	sample
Sample-47M	47	GGACTATCGTTG	60.9	42.75	112.9	17.8	18.45	500	403.96056657612	M	ML	ML	1	dry	sample
Sample-48C	48	CGCTCGACTCCA	51.45	37.85	101.3	14.1	14.9	480	544.317358248427	F	ML	ML	1	wet	sample
Sample-48F	48	CAGCGTTTAGCC	51.45	37.85	101.3	14.1	14.9	480	544.317358248427	F	ML	ML	1	wet	sample
Sample-48M	48	TCCTTAGAAGGC	51.45	37.85	101.3	14.1	14.9	480	544.317358248427	F	ML	ML	1	wet	sample
Sample-49C	49	CCAGCCTTCAGA	53.95	39.98	99.55	14.3	14.7	470	562.828284419567	F	ML	ML	1	dry	sample
Sample-49F	49	ATAGCACCAGAT	53.95	39.98	99.55	14.3	14.7	470	562.828284419567	F	ML	ML	1	dry	sample
Sample-49M	49	TCCTCTTTGGTC	53.95	39.98	99.55	14.3	14.7	470	562.828284419567	F	ML	ML	1	dry	sample
Sample-4C	4	TCAAACTTTCGT	58.5	51.5	113.2	16.8	19.8	775	620.964304745252	M	SF	M4/5	2	dry 	sample
Sample-4F	4	ATGAATGCGTCC	58.5	51.5	113.2	16.8	19.8	775	620.964304745252	M	SF	M4/5	2	dry 	sample
Sample-4M	4	CGGGCACCGGTC	58.5	51.5	113.2	16.8	19.8	775	620.964304745252	M	SF	M4/5	2	dry 	sample
Sample-50C	50	TACGCAGCACTA	61.9	46.5	107.2	15.8	16.7	485	460.754679148163	M	ML	ML	2	dry	sample
Sample-50F	50	TTCGCAGATACG	61.9	46.5	107.2	15.8	16.7	485	460.754679148163	M	ML	ML	2	dry	sample
Sample-50M	50	TGGAGAGGAGAT	61.9	46.5	107.2	15.8	16.7	485	460.754679148163	M	ML	ML	2	dry	sample
Sample-51C	51	GCGCGAATGGTG	56.9	39.6	101.15	14.75	15.1	445	506.971428191148	F	ML	ML	0	dry	sample
Sample-51F	51	CATCCCTCTACT	56.9	39.6	101.15	14.75	15.1	445	506.971428191148	F	ML	ML	0	dry	sample
Sample-51M	51	ATTCAGATGGCA	56.9	39.6	101.15	14.75	15.1	445	506.971428191148	F	ML	ML	0	dry	sample
Sample-53C	53	ATTCTGCCGAAG	61.6	50.2	115.1	16.5	16.9	570	433.544503372268	M	ML	ML	2	dry	sample
Sample-53F	53	TCGCCTATAAGG	61.6	50.2	115.1	16.5	16.9	570	433.544503372268	M	ML	ML	2	dry	sample
Sample-53M	53	TGACAACCGAAT	61.6	50.2	115.1	16.5	16.9	570	433.544503372268	M	ML	ML	2	dry	sample
Sample-54C	54	AACACATGGGTT	58.5	38.4	103.4	14.5	14.55	525	558.346250035659	F	ML	ML	1	wet	sample
Sample-54F	54	CGTACCAGATCC	58.5	38.4	103.4	14.5	14.55	525	558.346250035659	F	ML	ML	1	wet	sample
Sample-54M	54	TACATATCTACA	58.5	38.4	103.4	14.5	14.55	525	558.346250035659	F	ML	ML	1	wet	sample
Sample-55C	55	TCGCATGGATAC	56.2	39.6	100.8	15.8	16.55	450	518.255013414104	F	ML	ML	0	wet	sample
Sample-55F	55	TTATTCTCTAGG	56.2	39.6	100.8	15.8	16.55	450	518.255013414104	F	ML	ML	0	wet	sample
Sample-55M	55	TTGCCTGGGTCA	56.2	39.6	100.8	15.8	16.55	450	518.255013414104	F	ML	ML	0	wet	sample
Sample-56C	56	CTTTGGGCCGCT	56.15	38.7	105.6	15.5	16.4	435	433.15218454593	F	ML	ML	1	dry	sample
Sample-56F	56	GCCGGTACTCTA	56.15	38.7	105.6	15.5	16.4	435	433.15218454593	F	ML	ML	1	dry	sample
Sample-56M	56	AAGCACGTCTCA	56.15	38.7	105.6	15.5	16.4	435	433.15218454593	F	ML	ML	1	dry	sample
Sample-57C	57	CCTGGAATTAAG	58.4	40.85	105.8	15.75	16.2	500	494.938790733802		ML	ML	2	dry	sample
Sample-57F	57	TCTAGGTTATTC	58.4	40.85	105.8	15.75	16.2	500	494.938790733802		ML	ML	2	dry	sample
Sample-57M	57	GGTTTAACACGC	58.4	40.85	105.8	15.75	16.2	500	494.938790733802		ML	ML	2	dry	sample
Sample-58C	58	TTCGTGAGGATA	56.65	40.1	99	14.1	14.6	400	487.373908376586	F	ML	ML	2	dry	sample
Sample-58F	58	GTGAACTGGATT	56.65	40.1	99	14.1	14.6	400	487.373908376586	F	ML	ML	2	dry	sample
Sample-58M	58	ATCAAACGCATG	56.65	40.1	99	14.1	14.6	400	487.373908376586	F	ML	ML	2	dry	sample
Sample-59C	59	CTATTAAGCGGC	57.4	40	101.35	14.15	15.05	420	475.543289082909	F	ML	ML	2	wet 	sample
Sample-59F	59	CAAGCCCTAGTA	57.4	40	101.35	14.15	15.05	420	475.543289082909	F	ML	ML	2	wet 	sample
Sample-59M	59	ATTAACTCCTAC	57.4	40	101.35	14.15	15.05	420	475.543289082909	F	ML	ML	2	wet 	sample
Sample-5C	5	ATATTTCATGGT	54.7	43.8	104.6	12.5	14.8	530	543.68754604036	F	SF	M4/5		dry 	sample
Sample-5F	5	CCTGTAGGTTGC	54.7	43.8	104.6	12.5	14.8	530	543.68754604036	F	SF	M4/5		dry 	sample
Sample-5M	5	ATTAGCAGCGTA	54.7	43.8	104.6	12.5	14.8	530	543.68754604036	F	SF	M4/5		dry 	sample
Sample-60C	60	TGTCTACATACT	60.1	40.09	101.9	14.85	15.7	460	512.092439141083	F	ML	ML	2	dry	sample
Sample-60F	60	ACGGACTGGCGC	60.1	40.09	101.9	14.85	15.7	460	512.092439141083	F	ML	ML	2	dry	sample
Sample-60M	60	GCGTCATGCATC	60.1	40.09	101.9	14.85	15.7	460	512.092439141083	F	ML	ML	2	dry	sample
Sample-61C	61	ATTAGATTGGAG	56.65	41.4	99.2	13.95	14.85	410	496.415384698603	F	ML	ML	1	dry	sample
Sample-61F	61	GTAGATCGTGTA	56.65	41.4	99.2	13.95	14.85	410	496.415384698603	F	ML	ML	1	dry	sample
Sample-61M	61	TCGTCCTCGCGA	56.65	41.4	99.2	13.95	14.85	410	496.415384698603	F	ML	ML	1	dry	sample
Sample-62C	62	CATTAGCTGGAA	55.75	37.15	101.3	14.65	15.5	470	532.977413284918	F	ML	ML	2	dry	sample
Sample-62F	62	TGTCCTATCAAT	55.75	37.15	101.3	14.65	15.5	470	532.977413284918	F	ML	ML	2	dry	sample
Sample-62M	62	GCCGCTCTTTGG	55.75	37.15	101.3	14.65	15.5	470	532.977413284918	F	ML	ML	2	dry	sample
Sample-63C	63	GATCTTGTTTGT	64.2	45.4	110.9	16.2	16.65	510	435.726124929021	M	ML	ML	2	dry	sample
Sample-63F	63	CCTCGGGTACTA	64.2	45.4	110.9	16.2	16.65	510	435.726124929021	M	ML	ML	2	dry	sample
Sample-63M	63	ATTCGAGCTGTG	64.2	45.4	110.9	16.2	16.65	510	435.726124929021	M	ML	ML	2	dry	sample
Sample-64C	64	GGAAGAAGTAGC	60.1	44.9	111.7	15.85	16.4	540	451.102543035179	M	ML	ML	2	dry	sample
Sample-64F	64	TCTTCAACTACC	60.1	44.9	111.7	15.85	16.4	540	451.102543035179	M	ML	ML	2	dry	sample
Sample-64M	64	GGATCAGCCGCG	60.1	44.9	111.7	15.85	16.4	540	451.102543035179	M	ML	ML	2	dry	sample
Sample-65C	65	TCTAAGAAAGAA	58.2	41.9	104.2	14.25	15	520	539.859053359526	F	ML	ML	2	dry	sample
Sample-65F	65	TAGGCTCGTGCT	58.2	41.9	104.2	14.25	15	520	539.859053359526	F	ML	ML	2	dry	sample
Sample-65M	65	CATACTTGTCTA	58.2	41.9	104.2	14.25	15	520	539.859053359526	F	ML	ML	2	dry	sample
Sample-66C	66	CTATCATCCTCA	54.15	49.25	100.65	14.3	14.9	475	549.60050665743	F	ML	ML	2	dry	sample
Sample-66F	66	TCCGAGTCACCA	54.15	49.25	100.65	14.3	14.9	475	549.60050665743	F	ML	ML	2	dry	sample
Sample-66M	66	TGTCCAGTTCGG	54.15	49.25	100.65	14.3	14.9	475	549.60050665743	F	ML	ML	2	dry	sample
Sample-6C	6	CTTACTTTAACG	58.5	49.2	113.8	16.8	16.7	690	543.794136674365	M	SF	M4/5	3	wet 	sample
Sample-6F	6	CACTTAAGAGAA	58.5	49.2	113.8	16.8	16.7	690	543.794136674365	M	SF	M4/5	3	wet 	sample
Sample-6M	6	AGGTACGCAATT	58.5	49.2	113.8	16.8	16.7	690	543.794136674365	M	SF	M4/5	3	wet 	sample
Sample-7C	7	GGCCGCGATCGA	62.5	47.5	111.6	14.7	15.5	710	594.779884800473	M	SF	M4/5	1	dry 	sample
Sample-7F	7	GTGTACATAACG	62.5	47.5	111.6	14.7	15.5	710	594.779884800473	M	SF	M4/5	1	dry 	sample
Sample-7M	7	GATTAATGGAAC	62.5	47.5	111.6	14.7	15.5	710	594.779884800473	M	SF	M4/5	1	dry 	sample
Sample-8.10X	8.10X	TGTGACAGGGCG													control
Sample-8.11X	8.11X	TATGATTGCATT													control
Sample-8.12X	8.12X	TCCTATCGGCCG													control
Sample-8.16X	8.16X	GCTCCGACCATA													control
Sample-8.17X	8.17X	GGCGCCATCTCT													control
Sample-8.4X	8.4X	CTTGGCCTGTAG													control
Sample-8.5X	8.5X	AAGAGCAGAGCC													control
Sample-8C	8	TACGTCGTTATT	53	45	98.9	13	15.5	550	672.260361886407	F	SF	M4/5	1	dry 	sample
Sample-8F	8	CTGTCGTGTCAG	53	45	98.9	13	15.5	550	672.260361886407	F	SF	M4/5	1	dry 	sample
Sample-8M	8	CTAGGATCACTG	53	45	98.9	13	15.5	550	672.260361886407	F	SF	M4/5	1	dry 	sample
Sample-9.6X	9.6X	AAGGCCTTTACG													control
Sample-9.8X	9.8X	CGAGACCTGGGC													control
Sample-9.9X	9.9X	TTGACCGCGGTT													control
Sample-9C	9	CAGAAGGTGTGG	54.6	42.8	95.6	12.9	14.4	580	788.301812354357	F	SF	M4/5	2	wet 	sample
Sample-9F	9	CGTGGAAGACGA	54.6	42.8	95.6	12.9	14.4	580	788.301812354357	F	SF	M4/5	2	wet 	sample
Sample-9M	9	CAGAGGCAGGCT	54.6	42.8	95.6	12.9	14.4	580	788.301812354357	F	SF	M4/5	2	wet 	sample
